<?xml version="1.0" encoding="UTF-8"?>
<beans xmlns="http://www.springframework.org/schema/beans"
	xmlns:context="http://www.springframework.org/schema/context"
	xmlns:xsi="http://www.w3.org/2001/XMLSchema-instance" xmlns:mvc="http://www.springframework.org/schema/mvc"
	xsi:schemaLocation="
		http://www.springframework.org/schema/beans http://www.springframework.org/schema/beans/spring-beans-4.0.xsd
		http://www.springframework.org/schema/mvc http://www.springframework.org/schema/mvc/spring-mvc-4.0.xsd
    	http://www.springframework.org/schema/context http://www.springframework.org/schema/context/spring-context-4.0.xsd
    	">

	<!-- 启动扫描所有的controller -->
	<context:component-scan base-package="org.sunhk.meweb.*" />
	<bean id="conversionService"
		class="org.springframework.format.support.FormattingConversionServiceFactoryBean">
		<property name="converters">
			<list>
				<bean class="org.sunhk.meweb.web.DateConverter" />
			</list>
		</property>
	</bean>
	<mvc:annotation-driven conversion-service="conversionService" />
	<context:annotation-config />



	<bean
		class="org.springframework.web.servlet.mvc.annotation.DefaultAnnotationHandlerMapping" />




	<!-- 完成请求和注解POJO的映射 <bean class="org.springframework.web.servlet.mvc.annotation.AnnotationMethodHandlerAdapter"> 
		</bean> <bean class="org.springframework.web.servlet.mvc.annotation.DefaultAnnotationHandlerMapping"> 
		</bean> <bean class="org.springframework.web.servlet.mvc.method.annotation.RequestMappingHandlerMapping"> 
		</bean> -->

	<bean
		class="org.springframework.web.servlet.mvc.annotation.AnnotationMethodHandlerAdapter">
		<property name="messageConverters">
			<list>
				<bean
					class="org.springframework.http.converter.StringHttpMessageConverter">
					<property name="supportedMediaTypes">
						<list>
							<value>text/html; charset=UTF-8</value>
							<value>application/json;charset=UTF-8</value>
						</list>
					</property>
				</bean>
				<bean
					class="org.springframework.http.converter.json.MappingJackson2HttpMessageConverter">
					<property name="supportedMediaTypes">
						<list>
							<value>text/html; charset=UTF-8</value>
							<value>application/json;charset=UTF-8</value>
						</list>
					</property>
					<property name="objectMapper">
						<bean class="com.fasterxml.jackson.databind.ObjectMapper">
							<property name="dateFormat">
								<bean class="java.text.SimpleDateFormat">
									<constructor-arg type="java.lang.String" value="yyyy-MM-dd HH:mm:ss" />
								</bean>
							</property>
						</bean>
					</property>

				</bean>



			</list>
		</property>
		<!-- <property name="webBindingInitializer"> <bean class="org.springframework.web.bind.support.ConfigurableWebBindingInitializer"> 
			<property name="conversionService"> <bean class="org.springframework.format.support.FormattingConversionServiceFactoryBean"></bean> 
			</property> </bean> </property> -->
	</bean>



	<!-- web请求的拦截器 <mvc:interceptors> <mvc:interceptor> <mvc:mapping path="/**" 
		/> <mvc:exclude-mapping path="/register"/> <mvc:exclude-mapping path="/test/*"/> 
		<mvc:exclude-mapping path="/login"/> <mvc:exclude-mapping path="/findPwd"/> 
		<mvc:exclude-mapping path="/getTRegion"/> <mvc:exclude-mapping path="/getIndustry"/> 
		<mvc:exclude-mapping path="/getTRegionByParentId"/> <mvc:exclude-mapping 
		path="/getMessageCode"/> <mvc:exclude-mapping path="/listRecommend"/> <mvc:exclude-mapping 
		path="/news/getNewsDetail"/> <mvc:exclude-mapping path="/css/ceos.css"/> 
		<bean class="cn.kiiwii.framework.interceptor.MyInterceptor"></bean> </mvc:interceptor> 
		</mvc:interceptors> -->

	<!-- jsp页面解析器，当Controller返回XXX字符串时，先通过拦截器，然后该类就会在/WEB-INF/views/目录下，查找XXX.jsp文件 -->
	<bean
		class="org.springframework.web.servlet.view.InternalResourceViewResolver">
		<property name="prefix" value="/"></property>
		<property name="suffix" value=".html"></property>
	</bean>

	<bean id="taskJob" class="org.sunhk.meweb.job.QuartzTaskRun" />
	<bean id="taskInfo"
		class="org.springframework.scheduling.quartz.MethodInvokingJobDetailFactoryBean">
		<property name="targetObject">
			<ref bean="taskJob" />
		</property>
		<property name="targetMethod">
			<value>execute</value>
		</property>


	</bean>
	<bean id="myTrigger"
		class="org.springframework.scheduling.quartz.CronTriggerFactoryBean">
		<property name="name" value="work_default_name" />
		<property name="group" value="work_default" />
		<property name="jobDetail">
			<ref bean="taskInfo" />
		</property>
		<property name="cronExpression">
			<value>0/5 * * * * ?</value>
		</property>
	</bean>

	<!-- 调度工厂 -->
	<bean id="scheduler"
		class="org.springframework.scheduling.quartz.SchedulerFactoryBean">
		<property name="triggers">
			<list>
				<ref bean="myTrigger" />
			</list>
		</property>
	</bean>

	<!-- 多段文件上传 -->
	<bean id="multipartResolver"
		class="org.springframework.web.multipart.commons.CommonsMultipartResolver">
		<property name="maxUploadSize" value="1073741824" />
	</bean>
	<mvc:default-servlet-handler />
</beans>
