<?xml version="1.0" encoding="UTF-8"?>
<beans xmlns="http://www.springframework.org/schema/beans"
       xmlns:util="http://www.springframework.org/schema/util"
       xmlns:aop="http://www.springframework.org/schema/aop"
       xmlns:xsi="http://www.w3.org/2001/XMLSchema-instance"
       xsi:schemaLocation="
       http://www.springframework.org/schema/beans http://www.springframework.org/schema/beans/spring-beans.xsd
       http://www.springframework.org/schema/util http://www.springframework.org/schema/util/spring-util.xsd
       http://www.springframework.org/schema/aop http://www.springframework.org/schema/aop/spring-aop.xsd">

    <!-- Realm实现 -->
    <bean id="userRealm" class="org.sunhk.meweb.common.realm.UserRealm">
        
    </bean>
    <!-- 安全管理器 -->
    <bean id="securityManager" class="org.apache.shiro.web.mgt.DefaultWebSecurityManager">
        <property name="realm" ref="userRealm"/>
    </bean>

    <bean id="sysUserFilter" class="org.sunhk.meweb.common.filter.SysUserFilter"/>

    <!-- Shiro的Web过滤器 -->
    <bean id="shiroFilter" class="org.apache.shiro.spring.web.ShiroFilterFactoryBean" depends-on="sysUserFilter">
        <property name="securityManager" ref="securityManager"/>
        <property name="loginUrl" value="/login.jsp"/>
        <property name="successUrl" value="/admin/index.html" />
        <property name="unauthorizedUrl" value="/views/unauth.jsp"/>
        <property name="filters">
            <util:map>
                <entry key="sysUser" value-ref="sysUserFilter" />
            </util:map>
        </property>
        <property name="filterChainDefinitions" value="#{authService.loadFilterChainDefinitions()}">
       
        </property>
    </bean>

    <!-- Shiro生命周期处理器-->
    <bean id="lifecycleBeanPostProcessor" class="org.apache.shiro.spring.LifecycleBeanPostProcessor"/>

</beans>