<?xml version="1.0" encoding="UTF-8" ?>
<!DOCTYPE mapper PUBLIC "-//mybatis.org//DTD Mapper 3.0//EN" "http://mybatis.org/dtd/mybatis-3-mapper.dtd" >
<mapper namespace="org.sunhk.meweb.dao.SysUserMapper" >
  <resultMap id="BaseResultMap" type="org.sunhk.meweb.model.SysUser" >
    <id column="id" property="id" jdbcType="BIGINT" />
    <result column="organization_id" property="organizationId" jdbcType="BIGINT" />
    <result column="username" property="username" jdbcType="VARCHAR" />
    <result column="password" property="password" jdbcType="VARCHAR" />
    <result column="salt" property="salt" jdbcType="VARCHAR" />
    <result column="role_ids" property="roleIds" jdbcType="VARCHAR" />
    <result column="locked" property="locked" jdbcType="BIT" />
  </resultMap>
  <sql id="Example_Where_Clause" >
    <where >
      <foreach collection="oredCriteria" item="criteria" separator="or" >
        <if test="criteria.valid" >
          <trim prefix="(" suffix=")" prefixOverrides="and" >
            <foreach collection="criteria.criteria" item="criterion" >
              <choose >
                <when test="criterion.noValue" >
                  and ${criterion.condition}
                </when>
                <when test="criterion.singleValue" >
                  and ${criterion.condition} #{criterion.value}
                </when>
                <when test="criterion.betweenValue" >
                  and ${criterion.condition} #{criterion.value} and #{criterion.secondValue}
                </when>
                <when test="criterion.listValue" >
                  and ${criterion.condition}
                  <foreach collection="criterion.value" item="listItem" open="(" close=")" separator="," >
                    #{listItem}
                  </foreach>
                </when>
              </choose>
            </foreach>
          </trim>
        </if>
      </foreach>
    </where>
  </sql>
  <sql id="Update_By_Example_Where_Clause" >
    <where >
      <foreach collection="example.oredCriteria" item="criteria" separator="or" >
        <if test="criteria.valid" >
          <trim prefix="(" suffix=")" prefixOverrides="and" >
            <foreach collection="criteria.criteria" item="criterion" >
              <choose >
                <when test="criterion.noValue" >
                  and ${criterion.condition}
                </when>
                <when test="criterion.singleValue" >
                  and ${criterion.condition} #{criterion.value}
                </when>
                <when test="criterion.betweenValue" >
                  and ${criterion.condition} #{criterion.value} and #{criterion.secondValue}
                </when>
                <when test="criterion.listValue" >
                  and ${criterion.condition}
                  <foreach collection="criterion.value" item="listItem" open="(" close=")" separator="," >
                    #{listItem}
                  </foreach>
                </when>
              </choose>
            </foreach>
          </trim>
        </if>
      </foreach>
    </where>
  </sql>
  <sql id="Base_Column_List" >
    id, organization_id, username, password, salt, role_ids, locked
  </sql>
  <select id="selectByExample" resultMap="BaseResultMap" parameterType="org.sunhk.meweb.model.SysUserExample" >
    select
    <if test="distinct" >
      distinct
    </if>
    <include refid="Base_Column_List" />
    from sys_user
    <if test="_parameter != null" >
      <include refid="Example_Where_Clause" />
    </if>
    <if test="orderByClause != null" >
      order by ${orderByClause}
    </if>
    <if test="limit != null" >
      <if test="offset != null" >
        limit ${offset}, ${limit}
      </if>
      <if test="offset == null" >
        limit ${limit}
      </if>
    </if>
  </select>
  <select id="selectByPrimaryKey" resultMap="BaseResultMap" parameterType="java.lang.Long" >
    select 
    <include refid="Base_Column_List" />
    from sys_user
    where id = #{id,jdbcType=BIGINT}
  </select>
  <delete id="deleteByPrimaryKey" parameterType="java.lang.Long" >
    delete from sys_user
    where id = #{id,jdbcType=BIGINT}
  </delete>
  <delete id="deleteByExample" parameterType="org.sunhk.meweb.model.SysUserExample" >
    delete from sys_user
    <if test="_parameter != null" >
      <include refid="Example_Where_Clause" />
    </if>
  </delete>
  <insert id="insert" parameterType="org.sunhk.meweb.model.SysUser" >
    insert into sys_user (id, organization_id, username, 
      password, salt, role_ids, 
      locked)
    values (#{id,jdbcType=BIGINT}, #{organizationId,jdbcType=BIGINT}, #{username,jdbcType=VARCHAR}, 
      #{password,jdbcType=VARCHAR}, #{salt,jdbcType=VARCHAR}, #{roleIds,jdbcType=VARCHAR}, 
      #{locked,jdbcType=BIT})
  </insert>
  <insert id="insertSelective" parameterType="org.sunhk.meweb.model.SysUser" >
    insert into sys_user
    <trim prefix="(" suffix=")" suffixOverrides="," >
      <if test="id != null" >
        id,
      </if>
      <if test="organizationId != null" >
        organization_id,
      </if>
      <if test="username != null" >
        username,
      </if>
      <if test="password != null" >
        password,
      </if>
      <if test="salt != null" >
        salt,
      </if>
      <if test="roleIds != null" >
        role_ids,
      </if>
      <if test="locked != null" >
        locked,
      </if>
    </trim>
    <trim prefix="values (" suffix=")" suffixOverrides="," >
      <if test="id != null" >
        #{id,jdbcType=BIGINT},
      </if>
      <if test="organizationId != null" >
        #{organizationId,jdbcType=BIGINT},
      </if>
      <if test="username != null" >
        #{username,jdbcType=VARCHAR},
      </if>
      <if test="password != null" >
        #{password,jdbcType=VARCHAR},
      </if>
      <if test="salt != null" >
        #{salt,jdbcType=VARCHAR},
      </if>
      <if test="roleIds != null" >
        #{roleIds,jdbcType=VARCHAR},
      </if>
      <if test="locked != null" >
        #{locked,jdbcType=BIT},
      </if>
    </trim>
  </insert>
  <select id="countByExample" parameterType="org.sunhk.meweb.model.SysUserExample" resultType="java.lang.Integer" >
    select count(*) from sys_user
    <if test="_parameter != null" >
      <include refid="Example_Where_Clause" />
    </if>
  </select>
  <update id="updateByExampleSelective" parameterType="map" >
    update sys_user
    <set >
      <if test="record.id != null" >
        id = #{record.id,jdbcType=BIGINT},
      </if>
      <if test="record.organizationId != null" >
        organization_id = #{record.organizationId,jdbcType=BIGINT},
      </if>
      <if test="record.username != null" >
        username = #{record.username,jdbcType=VARCHAR},
      </if>
      <if test="record.password != null" >
        password = #{record.password,jdbcType=VARCHAR},
      </if>
      <if test="record.salt != null" >
        salt = #{record.salt,jdbcType=VARCHAR},
      </if>
      <if test="record.roleIds != null" >
        role_ids = #{record.roleIds,jdbcType=VARCHAR},
      </if>
      <if test="record.locked != null" >
        locked = #{record.locked,jdbcType=BIT},
      </if>
    </set>
    <if test="_parameter != null" >
      <include refid="Update_By_Example_Where_Clause" />
    </if>
  </update>
  <update id="updateByExample" parameterType="map" >
    update sys_user
    set id = #{record.id,jdbcType=BIGINT},
      organization_id = #{record.organizationId,jdbcType=BIGINT},
      username = #{record.username,jdbcType=VARCHAR},
      password = #{record.password,jdbcType=VARCHAR},
      salt = #{record.salt,jdbcType=VARCHAR},
      role_ids = #{record.roleIds,jdbcType=VARCHAR},
      locked = #{record.locked,jdbcType=BIT}
    <if test="_parameter != null" >
      <include refid="Update_By_Example_Where_Clause" />
    </if>
  </update>
  <update id="updateByPrimaryKeySelective" parameterType="org.sunhk.meweb.model.SysUser" >
    update sys_user
    <set >
      <if test="organizationId != null" >
        organization_id = #{organizationId,jdbcType=BIGINT},
      </if>
      <if test="username != null" >
        username = #{username,jdbcType=VARCHAR},
      </if>
      <if test="password != null" >
        password = #{password,jdbcType=VARCHAR},
      </if>
      <if test="salt != null" >
        salt = #{salt,jdbcType=VARCHAR},
      </if>
      <if test="roleIds != null" >
        role_ids = #{roleIds,jdbcType=VARCHAR},
      </if>
      <if test="locked != null" >
        locked = #{locked,jdbcType=BIT},
      </if>
    </set>
    where id = #{id,jdbcType=BIGINT}
  </update>
  <update id="updateByPrimaryKey" parameterType="org.sunhk.meweb.model.SysUser" >
    update sys_user
    set organization_id = #{organizationId,jdbcType=BIGINT},
      username = #{username,jdbcType=VARCHAR},
      password = #{password,jdbcType=VARCHAR},
      salt = #{salt,jdbcType=VARCHAR},
      role_ids = #{roleIds,jdbcType=VARCHAR},
      locked = #{locked,jdbcType=BIT}
    where id = #{id,jdbcType=BIGINT}
  </update>
</mapper>